{"cameraMode":{"drawMode":0,"name":"Shaded","section":"Shading Mode"},"sceneLighting":false,"audioPlay":false,"sceneViewState":{"showFog":true,"showMaterialUpdate":false,"showSkybox":true,"showFlares":true,"showImageEffects":true,"showParticleSystems":true},"in2DMode":false,"pivot":{"x":-9.416074752807618,"y":-4.340529918670654,"z":-8.070465087890625},"rotation":{"x":-0.0689794197678566,"y":0.8970219492912293,"z":-0.15103203058242799,"w":-0.40963855385780337},"size":22.57438850402832,"orthographic":false}